{
    "description": "Role for _ARG_0_ account",
    "key": "iam-role-for-_ARG_0_-account",
    "path": "iam.roles.id.assume_role_policy.PolicyDocument.Statement.id",
    "display_path": "iam.roles.id",
    "dashboard_name": "Roles",
    "conditions": [ "and",
        [ "iam.roles.id.assume_role_policy.PolicyDocument.Statement.id.Effect", "equal", "Allow" ],
        [ "iam.roles.id.assume_role_policy.PolicyDocument.Statement.id.", "containAction", "sts:AssumeRole" ],
        [ "iam.roles.id.assume_role_policy.PolicyDocument.Statement.id.Principal", "withKey", "AWS" ],
        [ "iam.roles.id.assume_role_policy.PolicyDocument.Statement.id.Principal.AWS", "_ARG_1_", "_AWS_ACCOUNT_ID_" ]
    ]
}
