{
    "arg_names": [ "Network transport protocol" ],
    "key": "ec2-security-group-opens-_ARG_0_-port-to-all",
    "description": "_ARG_0_ port open to all",
    "dashboard_name": "Rules",
    "path": "ec2.regions.id.vpcs.id.security_groups.id.rules.id.protocols.id.ports.id.cidrs.id.CIDR",
    "display_path": "ec2.regions.id.vpcs.id.security_groups.id",
    "conditions": [ "and",
        [ "_INCLUDE_(conditions/cidr-is-all.json)", "", ""],
        [ "ec2.regions.id.vpcs.id.security_groups.id.rules.id", "equal", "ingress" ],
        [ "ec2.regions.id.vpcs.id.security_groups.id.rules.id.protocols.id", "equal", "_ARG_0_" ],
        [ "ec2.regions.id.vpcs.id.security_groups.id.rules.id.protocols.id.ports.id", "containNoneOf", [ "22", "80", "443", "1433", "1521", "3306", "3389", "5432", "27017" ] ]
    ]
}
