{
    "description": "Unrestricted network traffic within security group",
    "path": "ec2.regions.id.vpcs.id.security_groups.id.rules.id.protocols.id.ports.id.security_groups.id",
    "dashboard_name": "Rules",
    "conditions": [ "and",
        [ "_INCLUDE_(conditions/security-group-opens-all-ports.json)", "", ""],
        [ "ec2.regions.id.vpcs.id.security_groups.id.rules.id.protocols.id.ports.id.security_groups.id.GroupId", "equal", "_GET_VALUE_AT_(ec2.regions.id.vpcs.id.security_groups.id)" ]
    ],
    "display_path": "ec2.regions.id.vpcs.id.security_groups.id"
}
